NEU,NPC
Xkr4,Xkr4
Sntg1,Oprk1
Rrs1,Npbwr1
Prex2,Alkal1
Msc,Sntg1
Rdh10,Rrs1
Jph1,Tcf24
Kcnq5,Prex2
Col19a1,A830018L16Rik
Dst,Sulf1
Ptpn18,Slco5a1
Amer3,Msc
Arid5a,Kcnb2
Sema4c,Sbspon
Mgat4a,4930444P10Rik
Npas2,Jph1
Creg2,Gm16070
Slc9a2,Kcnq5
Gulp1,Rims1
Slc40a1,Col19a1
Satb2,Dst
Spats2l,Ptpn18
Nrp2,Amer3
Fzd5,Arhgef4
Unc80,Arid5a
Acadl,Sema4c
Erbb4,Mgat4a
Marchf4,Cracdl
Igfbp5,Lonrf2
Sgpp2,Npas2
Ap1s3,Creg2
Serpine2,Rfx8
Dock10,Il1rl2
Spata3,Slc9a2
2810459M11Rik,Gulp1
Nppc,Slc40a1
Efhd1,Nabp1
Neu2,Hecw2
Lrrfip1,Ankrd44
Asb1,Mob4
Slco4c1,Rftn2
Cdh20,Boll
Tnfrsf11a,9130024F11Rik
Bcl2,Satb2
Tfcp2l1,Spats2l
Inhbb,Fzd7
Ralb,Ica1l
Tmem163,Nrp2
Rassf5,Adam23
Slc45a3,Creb1
Klhdc8a,Fzd5
Etnk2,Unc80
Sox13,Erbb4
Adora1,Mreg
Syt2,Marchf4
Nav1,Igfbp2
Phlda3,Igfbp5
Lad1,Tns1
Gpr25,Ctdsp1
Tsen15,Ttll4
Colgalt2,Cyp27a1
Nmnat2,Wnt6
Lamc2,Wnt10a
BC034090,Cdk5r2
Tdrd5,Mir375
Dnm3,Cfap65
Prrx1,Ihh
Atp1b1,Tuba4a
Sft2d2,Asic4
Rcsd1,Obsl1
Creg1,Sgpp2
Aldh9a1,Ap1s3
Mgst3,Serpine2
Rxrg,Dock10
Pcp4l1,Sphkap
Kcnj9,Spata3
Kif26b,2810459M11Rik
Itpkb,B3gnt7
Tmem63a,Nppc
Cnih3,Ecel1
Susd4,Efhd1
Taf1a,Neu2
Tgfb2,Gbx2
Ptpn14,Ackr3
Smyd2,Lrrfip1
Prox1os,Erfe
Batf3,Asb1
Ppp2r5a,Sned1
Traf5,Bok
Ppp1r14c,Slco4c1
Cnksr3,Cdh20
Lrp11,Tnfrsf11a
Ust,Bcl2
Samd5,Cdh7
Utrn,Tfcp2l1
Stx11,Gli2
Phactr2,Inhbb
Adgrg6,Sctr
Slc35d3,Tmem37
Map3k5,C1ql2
Map7,En1
Myb,Htr5b
Eya4,Lypd1
Moxd1,Tmem163
Gm15270,Cxcr4
Enpp1,Thsd7b
Gm9767,Cd55
Rspo3,Rassf5
Hey2,Rab29
Hs3st5,Slc45a3
Mfsd4b3-ps,Mfsd4a
Slc16a10,Cdk18
Gpr6,Lemd1
Foxo3,Klhdc8a
Nr2e1,Cntn2
Ostm1,Nfasc
Prdm1,Lrrn2
Bves,Plekha6
Lin28b,Etnk2
Rfx6,Atp2b4
Fam184a,Adora1
Gm16998,Syt2
Sh3rf3,Lgr6
Spock2,Timm17a
Chst3,Gm4793
Unc5b,Nav1
Adamts14,Phlda3
Pald1,Lad1
Atoh7,Tmem9
Egr2,Ascl5
Ado,Kif21b
Zfp365,Gpr25
Ank3,Lhx9
Slc16a9,Brinp3
Bicc1,Hmcn1
Tfam,Niban1
Pcdh15,Colgalt2
Gnaz,Rgl1
Adarb1,Nmnat2
Icosl,Lamc2
Plpp2,Shcbp1l
C2cd4c,Rgs8
Hcn2,Rnasel
Tcf3,Cacna1e
Lingo3,BC034090
Zbtb7a,Fam163a
Tle2,Tdrd5
Chst11,Brinp2
Slc41a2,Dnm3
Abtb3,Prrx1
Prdm4,Atp1b1
Ascl4,Rcsd1
Timp3,Creg1
Ascl1,Ildr2
Ano4,Fam78b
Ntn4,Aldh9a1
Usp44,Mgst3
Plxnc1,Rxrg
Dusp6,Lmx1a
Kitl,Nos1ap
Lin7a,Olfml2b
Pawr,Pcp4l1
Syt1,F11r
Kcnc2,Nhlh1
Gm15723,Kcnj9
Lgr5,Tagln2
Ptprr,4933439K11Rik
Frs2,Rgs7
Cpm,Pld5
Hmga2,Kif26b
Msrb3,Smyd3
Rassf3,Itpkb
Avpr1a,Stum
Mir8104,Mixl1
Tafa2,Tmem63a
Lrig3,Cnih3
B4galnt1,Susd4
Nxph4,Taf1a
Gls2,Hlx
Esyt1,C130074G19Rik
Erbb3,Esrrg
Dgka,Kctd3
Selenom,Ptpn14
Tbc1d10a,Prox1os
Cabp7,Batf3
Nefh,Nenf
Gas2l1,Ppp2r5a
Kremen1,Traf5
Znrf3,Kcnh1
Camk2b,A730013G03Rik
Adcy1,Ppp1r14c
Tns3,Syne1
Vwc2,Rgs17
Ikzf1,Lrp11
Cobl,Ust
Vstm2a,Samd5
Meis1,Stxbp5
Otx1,Grm1
Ccdc85a,Utrn
Eml6,Stx11
Stc2,Sf3b5
Rhbdf1,Plagl1
Fgf18,Phactr2
Fbll1,Hivep2
Gabra1,Adgrg6
Adam19,Nhsl1
Ltc4s,Hebp2
Adamts2,Gm32926
Zfp354b,Perp
Rmnd5b,Il20ra
N4bp3,Slc35d3
Jade2,Map3k5
Or2y7,Map7
Fstl4,Myb
Sowaha,Sgk1
Irf1,Slc2a12
Slc22a21,Eya4
Slc22a4,Moxd1
P4ha2,Gm15270
Specc1,Enpp1
Adora2b,Gm9767
Hs3st3a1,Ptprk
Arhgap44,Rspo3
Shisa6,Hey2
Gas7,Tpd52l1
Usp43,Gm15939
Ntn1,Dse
Arhgef15,Hs3st5
Hes7,Slc16a10
Gucy2e,Mettl24
Kcnab3,Gpr6
Ybx2,Foxo3
Pitpnm3,Sobp
Smtnl2,Cd24a
Spns2,Crybg1
Camkk1,Prdm1
Ccdc92b,Gm15934
Hic1,Bves
Mir212,Lin28b
Rtn4rl1,Sim1
Myo1c,Rfx6
Rflnb,Vgll2
Nxn,Fam184a
Timm22,Gm16998
Abr,Pkib
Nsrp1,Edar
Coro6,Spock2
Trp53i13,Chst3
Myo18a,Unc5b
Mir193a,Adamts14
Adap2,Pald1
Myo1d,Nodal
Tmem132e,Lrrc20
Mmp28,Col13a1
Dusp14,Atoh7
Aatf,Dnajc12
Tspoap1,Lrrtm3
Akap1,Egr2
Nog,Ado
Car10,Zfp365
Cacna1g,Tmem26
Itga3,Ank3
Nxph3,Slc16a9
Epop,Bicc1
Mllt6,Tfam
Plxdc1,Ube2d1
Stac2,Pcdh15
Ppp1r1b,Gnaz
Erbb2,Bcr
Zpbp2,Adora2a
Rapgefl1,Lrrc75b
Gjd3,Gstt3
Hap1,Gstt1
Jup,Gstt2
P3h4,Gm5134
Stat5b,Col18a1
Cntnap1,Adarb1
Vps25,Lrrc3
Etv4,Icosl
Sost,Syde1
Adam11,Plpp2
Acbd4,C2cd4c
Fmnl1,Hcn2
Crhr1,Tmem259
Mapt,Cnn2
Itgb3,Abca7
Ace,Polr2e
Taco1,Cirbp
Slc16a6,Tcf3
Sdk2,Onecut3
Rpl38,Amh
Gprc5c,Lingo3
Llgl2,Diras1
Syngr2,Zbtb7a
Cbx2,Gipc3
Cbx8,Hmg20b
Cbx4,Celf5
Mir1932,Tle2
Nptx1,Chst11
Gm11762,Slc41a2
Notum,Aldh1l2
Rac3,Tcp11l2
Metrnl,Rfx4
Fkbp1b,Cry1
Kcns3,Abtb3
Lratd1,Pwp1
Greb1,Ascl4
E2f6,Timp3
Kcnf1,Ascl1
Cys1,Igf1
Lamb1,Ano4
Slc26a4,Ntn4
Ahr,Usp44
Meox2,Tmcc3
Stxbp6,Plxnc1
Nova1,Socs2
Coch,Dusp6
Npas3,Kitl
Egln3,Alx1
Insm2,Lin7a
Sstr1,Pawr
Lrfn5,Syt1
Mdga2,Nav3
4930512B01Rik,Kcnc2
Nin,Gm15723
Gpr135,Lgr5
Rtn1,Ptprr
Six4,Kcnmb4os2
Prkch,Cpm
Syt16,Tmbim4
Rhoj,Hmga2
Hspa2,Msrb3
Mir5135,Wif1
Sptb,Tbc1d30
Rab15,Rassf3
Plekhh1,D930020B18Rik
Arg2,Srgap1
Zfp36l1,Avpr1a
Galnt16,Mir8104
Plekhd1,Tafa2
Ccdc177,Lrig3
Smoc1,Eef1akmt3
Slc8a3,B4galnt1
Map3k9,Kif5a
Dpf3,Gli1
Acot5,Ndufa4l2
Mideas,Nxph4
Syndig1l,Stat6
Fos,Nab2
Jdp2,Nemp1
Zdhhc22,Gls2
Ism2,Spryd4
Flrt2,Esyt1
Ptpn21,Erbb3
Kcnk13,Dgka
Tc2n,Itga7
Fbln5,Pik3ip1
Slc24a4,Selenom
Prima1,Osbp2
Ppp4r4,Slc35e4
Syne3,Castor1
Tunar,Cabp7
Bcl11b,Nipsnap1
Hhipl1,Nefh
Wdr20,Rasl10a
Tnfaip2,Kremen1
Ppp1r13b,Znrf3
Inf2,Aebp1
Zbtb42,Camk2b
Cep170b,Adcy1
Ptprn2,Igfbp3
Dnah11,Sun3
Sp8,Upp1
Pfkp,Vwc2
Chrm3,Ikzf1
Ryr2,Grb10
Edaradd,Cobl
Gng4,Vstm2a
Gli3,Egfr
Elmo1,Meis1
Pom121l2,Otx1
Btn1a1,Rel
Carmil1,Ccdc85a
Mboat1,Efemp1
Foxq1,Eml6
Foxf2,Stc2
Gm15908,Rhbdf1
Eci3,Hbq1a
Rreb1,Stk10
Bmp6,Fgf18
Gfod1,Tlx3
Cd83,Slit3
Mylip,Fbll1
Gmpr,Wwc1
Atxn1,Gabra1
Nxnl2,C1qtnf2
Shc3,Ebf1
Ror2,Sox30
Faf2,Adam19
Gprin1,Nipal4
Sncb,Trim7
Tspan17,Flt4
Unc5a,Gfpt2
Neurog1,Rasgef1c
Spock1,Ltc4s
Ntrk2,Adamts2
Ptch1,Grm6
Habp4,Zfp354b
Cdc14b,Col23a1
Zfp87,Rmnd5b
Adcy2,N4bp3
Nkd2,Jade2
Tppp,Or2y7
Pcsk1,Tcf7
Ell2,Fstl4
Gpr150,Shroom1
Mctp1,Sowaha
Adgrv1,Il13
Rasgrf2,Mir7671
Ankrd34b,Irf1
Lhfpl2,Gm12216
F2rl1,Slc22a21
Sv2c,Slc22a4
Gcnt4,Pdlim4
Cartpt,P4ha2
Ocln,Ccdc69
Mast4,Galnt10
Htr1a,Igtp
Elovl7,Trim58
Map3k1,Wnt9a
Mcidas,Pld6
Fst,Rasd1
Isl1,Srebf1
Abhd6,Kcnj12
Fezf2,Aldh3a2
Thrb,Slc47a2
Nid2,Rnf112
Zfp503,Fam83g
4930519K11Rik,Specc1
Anxa11,Adora2b
Il17rd,Trpv2
Wnt5a,Pmp22
Cacna2d3,Hs3st3b1
Chdh,Hs3st3a1
Prkcd,Arhgap44
Sfmbt1,Myocd
Gdf10,Shisa6
Gprin2,Gas7
Grid1,Usp43
Nrg3,Ntn1
Cdkn3,Arhgef15
Samd4,Hes7
Gch1,Aloxe3
Slc35f4,Gucy2e
Rem2,Kcnab3
Ajuba,Atp1b2
Jph4,Chrnb1
Ltb4r2,Fgf11
Nfatc4,Tmem102
Gjb2,Kctd11
Dleu2,Ybx2
Xkr6,Cldn7
Pnma2,Slc16a11
Dock5,Bcl6b
Nefl,Zmynd15
Nefm,Pld2
Nkx3-1,Pitpnm3
Slc25a37,Smtnl2
Loxl2,Spns2
Egr3,Rap1gap2
Ppp3cc,Ccdc92b
Hr,Hic1
Fndc3a,Dph1
Dgkh,Rtn4rl1
Gm9748,Mir22hg
Pcdh17,Slc43a2
Klhl1,Myo1c
Dach1,1700016K19Rik
Klf5,Rflnb
Lmo7,Abr
Spry2,Slc6a4
Gpc5,Coro6
Abcc4,Abhd15
Dzip1,Sez6
Hs6st3,Sarm1
Farp1,Rab11fip4
Dock9,Mir193a
Clybl,Adap2
Nalcn,Cdk5r1
Ptger4,Myo1d
Gdnf,Asic2
Npr3,Tmem132e
Myo10,Rffl
Fbxl7,Rasl10b
Ankrd33b,Mmp28
Matn2,Dusp14
Nipal2,Aatf
Kcns2,Lhx1
Fbxo43,Mrm1
Zfpm2,Dhrs11
Rspo2,Rnf43
Med30,Tspoap1
Zhx2,Akap1
Fbxo32,Trim25
Adcy8,Nog
Ndrg1,Pctp
St3gal1,Hlf
Fam135b,Tom1l1
Adgrb1,Car10
Them6,Cacna1g
Ly6h,Col1a1
Nrbp2,Itga3
Plec,Dlx3
Dgat1,Tac4
Scrt1,Fam117a
Cacng2,Spop
Mpst,Nxph3
Elfn2,Ngfr
Kcnj4,Tbx21
Pdgfb,Arhgap23
Chadl,4933428G20Rik
Shisa8,Epop
Scube1,Mllt6
Sult4a1,Plxdc1
Ppara,Stac2
Mapk8ip2,Med1
Shank3,Cdk12
Syt10,Neurod2
Cpne8,Ppp1r1b
Pdzrn4,Ikzf3
Rapgef3,Zpbp2
Col2a1,Rapgefl1
Ccdc184,Wipf2
Kcnh3,Rara
Bcdin3d,Gjd3
Racgap1,Hap1
Slc11a2,Jup
Scn8a,Cnp
Rarg,Kcnh4
Smug1,Hcrt
Zfp385a,Stat5b
Adcy9,Stat5a
Alg1,Cavin1
Rbfox1,Coasy
Abat,Plekhh3
Carhsp1,Cntnap1
Grin2a,Ccr10
Socs1,Wnk4
Shisa9,Arl4d
Mir193b,Etv4
Cebpd,Sost
Pkp2,Nags
Fgd4,Ubtf
Eif2b5,Grn
Vwa5b2,Fam171a2
Ephb3,Adam11
Magef1,Gjc1
P3h2,C1ql1
Mb21d2,Acbd4
Hes1,Hexim1
Gp5,Fmnl1
Fam43a,Arhgap27
Pigz,Wnt9b
Itgb5,Wnt3
Mylk,Crhr1
Adcy5,Mapt
Pdia5,Itgb3
Sema5b,Ace
Parp9,Tex2
Stxbp5l,Helz
Poglut1,Cacng5
Zdhhc23,Apoh
Sidt1,Gm45916
St3gal6,Fam20a
Crybg3,Kcnj2
Epha6,Sstr2
Vgll3,Sdk2
Jam2,Rpl38
Usp16,Kif19a
Grik1,Gprc5c
Kcnj6,Nherf1
Erg,Grin2c
Ets2,Fads6
Bace2,Hid1
Zdhhc14,Llgl2
Fndc1,Itgb4
Mpc1,Exoc7
Pde10a,Foxj1
Dact2,Sphk1
Rgmb,Rhbdf2
Paqr4,Mgat5b
Ntn3,Septin9
Pkd1,Tnrc6c
Syngr3,Tmc8
Meiob,Socs3
Uqcc4,Cyth1
Cacna1h,Rbfox3
Pgap6,Cbx2
Neurl1b,Cbx8
Cpne5,Cbx4
Angptl4,Mir1932
H2-K1,Rnf213
Tap2,Gm11762
Hspa1b,Baiap2
Hspa1a,Reno1
H2-D1,Notum
H2-T23,Rac3
H2-Bl,Dcxr
9130008F23Rik,Slc16a3
Tdrd6,Metrnl
Rcan2,Ncoa1
Tmem151b,Fkbp1b
Nfkbie,Klhl29
Lrrc73,Gdf7
Dlk2,Hs1bp3
Mrps10,Matn3
Tfeb,Osr1
Mdfi,Kcns3
Lrfn2,Rad51ap2
Rftn1,Lratd1
Satb1,Greb1
Gm27217,E2f6
Sema6b,Slc66a3
Crb3,2410004P03Rik
Efna5,Kcnf1
Man2a1,Asap2
Mtcl1,2410018L13Rik
Ptprm,9030624G23Rik
L3mbtl4,Grhl1
Epb41l3,Cys1
Akain1,Kidins220
Dlgap1,Myt1l
Tgif1,Alkal2
Emilin2,Fam110c
Alk,Lamb1
Galnt14,Slc26a4
Qpct,Ferd3l
Cdc42ep3,Twist1
Kcng3,Ahr
Zfp36l2,Meox2
Plekhh2,Scin
Ttc7,Gm2027
Kcnk12,Coch
Adcyap1,Npas3
Bambi,Egln3
Map3k8,Snx6
Jcad,Insm2
Svil,Nkx2-1
Mkx,Slc25a21
Mpp7,Foxa1
Greb1l,Sstr1
Abhd3,Clec14a
Zfp521,Lrfn5
Dsg2,Nin
Klhl14,Trim9
Mocos,Dact1
Epb41l4a,Gpr135
Egr1,Rtn1
Nrg2,Lrrc9
Pura,Dhrs7
Hbegf,Six1
Pcdhac1,Six4
Pcdh1,Tmem30b
Mcc,Prkch
Commd10,Syt16
Sema6a,1700086L19Rik
C030005K06Rik,Rhoj
Prr16,Esr2
Ppic,Akap5
Marchf3,Hspa2
Isoc1,Ppp1r36
Adamts19,Mir5135
Chsy3,Sptb
Smim3,Rab15
Slc6a7,Plek2
Ppargc1b,Plekhh1
Arhgef37,Arg2
Ablim3,Zfp36l1
Onecut2,Galnt16
Atp8b1,Plekhd1
Malt1,Ccdc177
Pmaip1,Smoc1
Gnal,Slc8a3
Impa2,Map3k9
Cidea,Dpf3
Tubb6,Acot1
Mapk4,Acot3
Myo5b,Acot5
Lipg,Acot6
Zbtb7c,Vsx2
St8sia5,Syndig1l
Nfatc1,Pgf
Mbp,Fos
Dipk1c,Jdp2
Neto1,Flvcr2
Cbln2,Tgfb3
Cpt1a,Zdhhc22
Pitpnm1,Gstz1
Gm45928,Ism2
Syt12,Flrt2
Pcx,Ptpn21
Gm960,Kcnk13
Ctsf,Gpr68
Peli3,Tc2n
Npas4,Fbln5
Tmem151a,Slc24a4
Fosl1,Rin3
Rasgrp2,Chga
Rps6ka4,Unc79
Syt7,Prima1
Stx3,Ppp4r4
Vps13a,Gsc
Foxb2,Clmn
Pcsk5,Syne3
Rorb,Tunar
Klf9,Bdkrb2
Pip5k1b,Bcl11b
Foxd4,Hhipl1
Kank1,Dlk1
Glis3,Meg3
Papss2,Ppp2r5c
Ch25h,Wdr20
Pcgf5,Zfp839
Slit1,Amn
Ubtd1,Tnfaip2
4833438C02Rik,Gm266
Ina,Ckb
Neurl1a,Ppp1r13b
Gsto1,Mir203
Sorcs3,Kif26a
Rbm20,Inf2
Vwa2,Adssl1
Afap1l2,Zbtb42
Proser2,Cep170b
Pfkfb3,Jag2
Il15ra,Tmem121
Itga8,Vipr2
C1ql3,Esyt2
St8sia6,Ptprn2
Plxdc2,Dnah11
Nebl,Sp8
Bmi1,Pfkp
Carlr,Chrm3
Pip4k2a,Ryr2
Otud1,Actn2
Etl4,Edaradd
Gpr158,Nid1
Gad2,Gng4
Cacna1b,Hecw1
Tprn,Sfrp4
Grin1,Elmo1
Uap1l1,Nkapl
Kcnt1,Pom121l2
Nacc2,Prss16
Col5a1,4930557F10Rik
Ralgds,Btn1a1
Ntng2,Hfe
Fnbp1,Carmil1
Fibcd1,Dcdc2a
Fam78a,2610307P16Rik
Pip5kl1,Mboat1
Garnl3,Agtr1a
Pbx3,Irf4
Gsn,Foxq1
Stom,Foxc1
Lhx2,Gm15908
Nr6a1,Eci3
Lypd6b,Nrn1
Cacnb4,Rreb1
Galnt13,Dsp
Acvr1c,Bmp6
Rbms1,Mak
Fign,Edn1
Grb14,Gfod1
Cobll1,Cd83
Galnt3,Jarid2
Lrp2,Mylip
Erich2,Gmpr
Cybrd1,Atxn1
Dlx2,Rbm24
Map3k20,Cap2
Wipf1,Nhlrc1
Haglr,Rnf144b
Nfe2l2,Barx1
Zfp385b,Ninj1
Itga4,Card19
Frzb,Susd3
Slc43a1,Fgd3
Rtn4rl2,Nxnl2
C1qtnf4,S1pr3
Pacsin3,Shc3
Creb3l1,Sema4d
Slc35c1,Gadd45g
Chst1,Diras2
Mir129b,Syk
Slc1a2,Nfil3
Abtb2,Ror2
A930018P22Rik,Msx2
Depdc7,Drd1
Prrg4,Cltb
Rcn1,Gprin1
Bdnf,Sncb
Lgr4,Tspan17
Ryr3,Unc5a
Fmn1,Fgfr4
Grem1,Macroh2a1
C130080G10Rik,Neurog1
Gpr176,Cxcl14
Bmf,Tgfbi
Pak6,Spock1
Ankrd63,Klhl3
Inafm2,Ntrk2
Bahd1,Aopep
Gchfr,Ptch1
Gm14207,Slc35d2
Itpka,Habp4
Ltk,1810034E14Rik
Tyro3,Cdc14b
Ehd4,Adcy2
Shf,Ube2ql1
Sema6d,Adamts16
Fbn1,Irx1
Shc4,Slc6a3
Slc27a2,Nkd2
Dusp2,Tppp
Bub1,Cast
Bcl2l11,Pcsk1
Cpxm1,Ell2
Slc4a11,Gpr150
Gfra4,Mctp1
Rassf2,9330111N05Rik
Prokr2,Adgrv1
Lrrn4,Edil3
Bmp2,Acot12
Jag1,Rasgrf2
Ism1,Ankrd34b
Pcsk2os1,Thbs4
Ovol2,Lhfpl2
BC039771,Pde8b
Sstr4,Crhbp
Syndig1,F2rl1
Snph,Sv2c
Tcf15,Gcnt4
Id1,Arhgef28
Dusp15,Foxd1
Snta1,Tmem171
Mmp24,Cartpt
Epb41l1,Ocln
Dlgap4,Marveld2
Ctnnbl1,Ccdc125
Ppp1r16b,Slc30a5
Mafb,Mast4
Emilin3,Shisal2b
Ptprt,Htr1a
Rims4,Zswim6
Wfdc2,Elovl7
Cdh22,Plk2
Ncoa3,Map3k1
B4galt5,Ccno
Cebpb,Mcidas
Kcng1,Cdc20b
Nfatc2,Fst
Cbln4,Pelo
Tfap2c,Isl1
Rbm38,Parp8
Ppp1r3d,Hcn1
Lsm14b,Abhd6
Hrh3,Pxk
Lama5,Ptprg
Slco4a1,Fezf2
Mir124a-3,Thrb
Eef1a2,Nid2
Zbtb46,Plau
Stmn2,Zfp503
Tpd52,4930519K11Rik
Ralyl,Ppif
Car2,Zcchc24
Crh,Anxa11
Nlgn1,Il17rd
Ghsr,Arhgef3
Pld1,Wnt5a
Egfem1,Cacna2d3
Slc7a14,Prkcd
Pex5l,Sfmbt1
Mir7009,Sh3bp5
Trpc3,Slc18a3
Spry1,Ercc6
Intu,Drgx
Larp1b,Vstm4
Foxo1,Gdf10
Lhfpl6,Zfp488
Frem2,Gprin2
Trpc4,Grid1
Smad9,Nrg3
Sertm1,4930431P03Rik
Ccna1,Bmp4
Wwtr1,Cgrrf1
Commd2,Gch1
P2ry1,Slc35f4
Arhgef26,Klhl33
Rarres1,Rem2
1110032F04Rik,Ajuba
Sptssb,Cebpe
Gucy1a1,Slc7a8
Lrat,Jph4
Sfrp2,Emc9
Fhdc1,Ltb4r2
Glt28d2,Ltb4r1
Sh3d19,Nfatc4
Lrba,Gja3
Lmna,Gjb2
Efna1,Gjb6
Efna3,Fgf9
Adam15,Shisa2
Zbtb7b,Mipep
Npr1,Sacs
Lor,Dleu2
Tchh,Sox7
C2cd4d,Extl3
Gm4349,Ptk2b
Pde4dip,Adra1a
Tent5c,Pnma2
Nhlh2,Ebf2
Vangl1,Dock5
Dennd2c,Nefl
Syt6,Nefm
Ppm1j,Nkx2-6
Rhoc,Nkx3-1
Wnt2b,Loxl2
Kcna2,Tnfrsf10b
Kcnc4,Egr3
Sypl2,9930012K11Rik
Vav3,Pdlim2
Ntng1,Ppp3cc
Gpr88,Phyhip
Slc35a3,Lgi3
Plppr5,Hr
Mir137,Dmtn
Synpo2,Gfra2
Prss12,Fndc3a
Ugt8a,Htr2a
Camk2d,Rubcnl
Gm16958,Enox1
Ank2,Tnfsf11
Tifa,Dgkh
Mcub,Kbtbd7
Lef1,Kbtbd6
Sgms2,Gm9748
Npnt,Pcdh17
Manba,Pcdh20
Ddit4l,Klhl1
Tspan5,Klf5
Unc5c,Tbc1d4
Bmpr1b,Lmo7
Pdlim5,Pou4f1
Syde2,Obi1
Ptgfr,Spry2
Gipc2,Slitrk1
St6galnac5,Mir17
Slc44a5,Gpc5
Ptger3,Gm4675
Wls,Abcc4
Lyn,Dzip1
Mos,Hs6st3
Penk,Farp1
Tox,Dock9
Car8,Clybl
Gdf6,Gm5089
Esrp1,Zic5
Runx1t1,Zic2
Prdm13,4930594M22Rik
Ankrd6,Fgf14
Rragd,Plcxd3
Mob3b,Ptger4
Lingo2,Osmr
Aqp3,Egflam
Phf24,Gdnf
Tpm2,Npr3
Reck,Golph3
Tmod1,Pdzd2
Coro2a,Cdh6
Tbc1d2,Myo10
Gabbr2,Retreg1
Galnt12,Marchf11
Nr4a3,Otulinl
Grin3a,Trio
Abca1,Ankrd33b
Slc44a1,Nipal2
Klf4,Kcns2
Ptpn3,Osr2
Zkscan16,Rgs22
E130308A19Rik,Fbxo43
Whrn,Grhl2
Astn2,Ncald
Ttc39b,Fzd6
Bnc2,Cthrc1
Sh3gl2,Rims2
Adamtsl1,Dpys
Acer2,Zfpm2
Slc24a2,Rspo2
Gm13286,Kcnv1
Gm13275,Csmd3
Gm49890,Aard
Cdkn2a,Med30
Kank4,Mal2
Ror1,Ccn3
Raver2,Col14a1
Ak4,Sntb1
Dnajc6,Has2
Lepr,Fbxo32
Pde4b,Trib1
Dab1,Pvt1
Prkaa2,Adcy8
Glis1,Efr3a
Echdc2,Kcnq3
Gpx7,Ndrg1
Dmrta2,St3gal1
Trabd2b,Fam135b
Mob3c,Dennd3
Faah,Mroh5
Hpdl,Adgrb1
Ptch2,Arc
Plk3,Them6
Artn,Lynx1
Hivep3,Ly6e
Cited4,Ly6h
Kcnq4,Mafa
Bmp8a,Zc3h3
Pou3f1,Mroh6
Utp11,Naprt
Fhl3,Mapk15
Epha10,Nrbp2
Zc3h12a,Plec
Grik3,Smpd5
5730409E04Rik,Mroh1
Dlgap3,Scx
Csmd2,Dgat1
Trim62,Scrt1
Azin2,Kifc2
Hpca,Foxred2
Adgrb2,Cacng2
Fabp3,Elfn2
Sdc3,Card10
Ptpru,Cdc42ep1
Epb41,Sh3bp1
Ahdc1,Galr3
Trnp1,Micall1
Zfp593,Maff
Fam110d,Tmem184b
Maco1,Kcnj4
Nipal3,Kdelr3
Id3,Nptxr
Htr1d,Pdgfb
Zbtb40,Syngr1
Alpl,Mgat3
Kif17,Cacna1i
Camk2n1,Fam83f
Htr6,Tnrc6b
Akr7a5,Mchr1
Igsf21,Chadl
Rcc2,Shisa8
Efhd2,Tnfrsf13c
Kazn,Tcf20
Dhrs3,A4galt
Plod1,Ttll1
Fbxo44,Bik
Slc25a33,Tspo
Spsb1,Scube1
Klhl21,Mpped1
Chd5,Efcab6
Ajap1,Sult4a1
Megf6,Parvb
Prdm16,Shisal1
Hes5,Smc1b
Fndc10,Fbln1
Zfp804b,AU022754
Tmem243,Ppara
Grm3,Pkdrej
Sema3d,Celsr1
Sema3e,Tafa5
Magi2,Ttll8
Reln,Panx2
Lhfpl3,Mapk12
Kcnh2,Mapk11
Prkag2,Mapk8ip2
Lmbr1,Shank3
Gm9899,Syt10
Fosl2,Cpne8
Zfyve28,Slc2a13
Ablim2,Cntn1
Sorcs2,Pdzrn4
Bloc1s4,Yaf2
Jakmip1,Tmem117
Crmp1,Nell2
Slit2,Dbx2
Kcnip4,Slc38a2
Nwd2,Amigo2
0610040J01Rik,Rapgef3
Mir574,Vdr
Shisa3,Tmem106c
Kctd8,Col2a1
Gabra4,Ccdc184
Cwh43,Zfp641
Sgcb,Cacnb3
Rasl11b,Fkbp11
Kit,Ddn
Kdr,Rhebl1
Thegl,Tuba1c
Rest,Prph
Adgrl3,C1ql4
Slc4a4,Dnajc22
Areg,Kcnh3
Cdkl2,Fmnl3
Fgf5,Faim2
Bmp3,Aqp5
Prkg2,Racgap1
Hpse,Asic1
Gpat3,Smagp
Cds1,Galnt6
Aff1,Scn8a
Tgfbr3,Fignl2
Ephx4,Krt87
Pcgf3,Krt8
Cplx1,Tns2
P2rx2,Rarg
Sgsm1,D930007P13Rik
Wscd2,Smug1
Fam222a,Zfp385a
Tchp,Itga5
Cabp1,Crebbp
Taok3,Adcy9
Vsig10,Srl
Nos1,Vasn
Tesc,Sec14l5
Slc8b1,Rbfox1
Sh2b3,Abat
Pheta1,Carhsp1
Scarb1,Grin2a
Tmem132b,Atf7ip2
Tmem132c,Emp2
Mrps17,Socs1
Gusb,Shisa9
Hip1,Mir193b
Rasa4,A930007A09Rik
Cux1,Snai2
Col26a1,Cebpd
Ache,Pkp2
Slc12a9,Fgd4
Ephb4,Ccdc116
Actl6b,Aifm3
Pdgfa,P2rx6
Adap1,Scarf2
Elfn1,Prodh
Snx8,Rtn4r
Lfng,Tbx1
Radil,Gp1bb
Usp42,Septin5
Lmtk2,Cldn5
Tmem130,Eif2b5
Gpr12,Vwa5b2
Flt1,Ephb3
Slc46a3,Magef1
Mtus2,Liph
N4bp2l1,Etv5
Dync1i1,Dgkg
Dlx5,Bcl6
Ica1,Cldn1
Nxph1,Mb21d2
Thsd7a,Plaat1
Foxp2,Hes1
Mdfic,Gp5
Tes,Fam43a
Met,Gm15743
Tmem229a,Pigz
Grm8,Nrros
Rbm28,Itgb5
Impdh1,Mylk
Ccdc136,Adcy5
Irf5,Pdia5
Tspan33,Sema5b
Strip2,Parp14
Lncpint,Dtx3l
Podxl,Casr
Chrm2,Ildr1
Creb3l2,Stxbp5l
Klrg2,Poglut1
Parp12,Zdhhc23
Cntnap2,Sidt1
Osbpl3,Tomm70a
Mir148a,St3gal6
Nfe2l3,Crybg3
Skap2,Epha6
Creb5,Htr1f
Tril,Vgll3
Prr15,Rbm11
9130019P16Rik,Nrip1
Pde1c,Mir155hg
Grid2,Adamts1
Atoh1,Adamts5
Ndnf,Grik1
Gng12,Tiam1
Gadd45a,Olig2
Foxi3,Olig1
Atoh8,Cbr3
Tcf7l1,Dop1b
Eva1a,Sim2
Dok1,Ripply3
Pcgf1,Kcnj6
Emx1,Erg
Egr4,Ets2
Tgfa,Dscam
Anxa4,Bace2
Mgll,Ripk4
Plxna1,Tiam2
Klf15,Zdhhc14
Iqsec1,Synj2
Wnt7a,Fndc1
Adamts9,Rnaset2a
Mitf,Mpc1
Gpr27,Pde10a
Prok2,Dact2
Gm15631,Rgmb
Grm7,Zfp51
Prrt3,9330136K24Rik
Pparg,Zfp229
Plxnd1,Mmp25
Cxcl12,Tnfrsf12a
Ret,Paqr4
Wnt5b,Ntn3
B4galnt3,Pkd1
Il17ra,Nherf2
Tmem121b,Npw
Bid,Syngr3
Mical3,Hs3st6
Iqsec3,Meiob
Pianp,Baiap3
Vamp1,Cacna1h
Tnfrsf1a,Rab11fip3
Kcna1,Pgap6
Kcna6,Rgs11
Tead4,Neurl1b
Mansc1,Kifc5b
Pde3a,Itpr3
Ldhb,Pacsin1
Kcnj8,Tcp11
Cmas,Scube3
Sox5,Fkbp5
Bhlhe41,Slc26a8
Itpr2,Mapk13
Pthlh,Cdkn1a
Tmtc1,Cpne5
Prkcg,Glp1r
Tsen34,Abcg1
Leng9,Cbs
Tmem238,Ephx3
Shisa7,Zfp472
Dhx34,Kank3
Bbc3,Kifc1
Slc1a5,H2-K2
Pnma8b,H2-K1
Mypop,Col11a2
Six5,Psmb9
Eml2,Psmb8
Klc3,Tap2
Zfp575,Prrt1
Atp1a3,Hspa1b
Pou2f2,H2-D1
Shkbp1,H2-Q2
Sptbn4,2300002M23Rik
Zfp974,H2-T22
Zfp36,H2-Bl
Fbxo27,H2-T-ps
Spint2,Gm10499
Scn1b,Gm8909
Chst8,Gm6623
Cebpa,Rnf39
Rhpn2,Or2i1
Rgs9bp,9130008F23Rik
Tshz3,Ptchd4
Zfp536,Pla2g7
Kcnc3,Tdrd6
Slc17a7,Rcan2
Lin7b,Clic5
Kcnc1,Tcte1
Sergef,Tmem151b
Ptpn5,Nfkbie
Gabrg3,Slc29a1
Entrep2,Rsph9
Pcsk6,Lrrc73
Chsy1,Dlk2
Lrrk1,Cul9
Aldh1a3,Srf
Synm,Trerf1
Fam174b,Tfeb
Slco3a1,Mdfi
Tm6sf1,Foxp4
Adamtsl3,Lrfn2
Cemip,Daam2
Fzd4,Rftn1
Sytl2,Dazl
Tmem126b,Satb1
Aqp11,Gm27217
Pak1,Slc5a7
Capn5,Shd
Tsku,Sema6b
Lrrc32,Tnfaip8l1
Wnt11,Rpl36
Dgat2,Nrtn
Map6,Rfx2
Chrdl2,Crb3
Arhgef17,Tubb4a
Atg16l2,Vav1
Arap1,Efna5
Stim1,Man2a1
Syt9,Mtcl1
Ppfibp2,Ptprm
Tub,L3mbtl4
Nrip3,Epb41l3
Scube2,Akain1
Swap70,Dlgap1
Mical2,Tgif1
Rassf10,Emilin2
Bmal1,Alk
Spon1,Galnt14
1110004F10Rik,Ltbp1
Plekha7,Cdc42ep3
Syt17,Cyp1b1
Itpripl2,Hnrnpll
Gpr139,Kcng3
Cdr2,Zfp36l2
Mettl9,Plekhh2
Hs3st4,Abcg8
Gsg1l,Six2
Doc2a,Prkce
Zfp688,Epas1
Rgs10,Epcam
Htra1,Kcnk12
Ctbp2,Adcyap1
Ptpre,Bambi
Tcerg1l,Map3k8
Jakmip3,Jcad
Dpysl4,Mkx
Pwwp2b,Mpp7
Nlrp6,Colec12
Tspan4,Greb1l
Ascl2,Abhd3
Ppfia1,Lama3
Fgf15,Zfp521
Ccnd1,Taf4b
Nalf1,Chst9
Col4a1,Dsc3
Col4a2,Dsc2
Grtp1,Dsg2
Tdrp,4930426D05Rik
Erich1,Asxl3
Dlgap2,Nol4
Csmd1,Mocos
Atp7b,Fhod3
Ank1,Celf4
Sfrp1,Tslp
Adgra2,Epb41l4a
Rab11fip1,Egr1
Tex15,Prob1
Rbpms,Nrg2
Saraf,Pura
Gm16793,Hbegf
Gm19410,Cd14
Cldn23,Pcdhac1
Sgcz,Pcdhgb6
Zdhhc2,Pcdh1
Slc7a2,Spry4
Mtus1,Kctd16
Cyp4v3,Pou4f3
Stox2,Dpysl3
Tenm3,Mcc
Galntl6,Kcnn2
Mfap3l,Mospd4
Spock3,Lvrn
Tll1,Commd10
Npy5r,Sema6a
Csgalnact1,Hsd17b4
Lpl,Prr16
Slc25a42,Lox
Tmem59l,Ppic
Ssbp4,Prdm6
Mir7240,Marchf3
Kcnn1,Fbn2
Map1s,Adamts19
Unc13a,Chsy3
Rasd2,Smim3
Gm10649,Arsi
Pou4f2,Slc6a7
Hhip,Ppargc1b
Mir1199,Arhgef37
Farsa,Afap1l1
Junb,Ablim3
4921524J17Rik,Adrb2
Zfp423,Htr4
Mir8110,Apcdd1
Sall1,Piezo2
Tox3,Onecut2
Lpcat2,Atp8b1
Mt2,Malt1
Mt1,Grp
Cpne2,Pmaip1
Cx3cl1,Mc4r
Ndrg4,Gnal
Cdh11,Mppe1
Bean1,Cidea
Terb1,Tubb6
B3gnt9,Ldlrad4
Fbxl8,Mc5r
Hsd11b2,Dcc
Slc12a4,Mapk4
1810019D21Rik,Myo5b
Cdh1,Lipg
Has3,Dym
Sntb2,Ctif
Vps4a,Zbtb7c
Zfp821,St8sia5
Fa2h,Rnf165
Vat1l,Kcng2
Maf,Nfatc1
Cdyl2,Sall3
Plcg2,Galr1
Necab2,Mbp
Trim67,Neto1
Disc1,Cbln2
A730098A19Rik,Dok6
Kcnk1,Cpt1a
Tarbp1,Unc93b1
Pard3,Pitpnm1
Tmem123,Rad9a
Pgr,Ssh3
Endod1,Kdm2a
Fut4,Syt12
Vstm5,Pcx
Olfm2,Gm960
S1pr2,Ctsf
Mir1900,Actn3
Cdc37,Peli3
Gm6607,Cd248
Dpy19l2,Tmem151a
Igsf9b,Fosl1
Opcml,Ccdc85b
Adamts8,Ovol1
Barx2,Cdc42ep2
Fli1,Rasgrp2
Grik4,Nrxn2
Oaf,Rps6ka4
Thy1,Kcnk4
Phldb1,Macrod1
Zbtb16,Plaat3
Mir34b,Plaat5
Slc35f2,Ahnak
Dnaja4,Fads3
Chrna5,Myrf
Chrna3,Syt7
Lingo1,Lrrc10b
Snx33,Vwce
Commd4,Stx3
Rpp25,A330040F15Rik
Loxl1,Tle4
Hcn4,Gna14
Gramd2a,Vps13a
Larp6,Foxb2
Uaca,Prune2
Smad3,Pcsk5
Smad6,Trpm6
Megf11,Rorb
Rbpms2,Gda
Snx22,Trpm3
Tpm1,Klf9
C2cd4b,Mamdc2
Myo1e,Apba1
Prtg,Entrep1
Onecut1,Tjp2
Htr1b,Pip5k1b
Tent5a,Pgm5
Tpbg,Foxd4
A330041J22Rik,Dock8
Ripply2,Kank1
Minar1,Dmrt3
Rasgrf1,2610016A17Rik
Paqr9,Vldlr
Pcolce2,Slc1a1
Trpc1,Ppp1r2-ps3
Pls1,Dkk1
Clstn2,Prkg1
Faim,Papss2
Nck1,Stambpl1
Slc35g2,Ch25h
Ephb1,Slc16a12
Rad54l2,Htr7
Dock3,Hhex
6430571L13Rik,Rbp4
Cacna2d2,Plce1
Rassf1,Pdlim1
Slc38a3,Tll2
Sema3f,Pik3ap1
Camkv,Slit1
Inka1,Ubtd1
Celsr3,Marveld1
Kif9,Cnnm1
Nbeal2,1700039E22Rik
Myl3,Fgf8
Trank1,Hps6
Susd5,Pitx3
Cmtm7,Ina
Cmtm8,Neurl1a
Osbpl10,Gsto1
Eomes,Cfap58
Itga9,Sorcs3
Plcd1,Dusp5
Acaa1b,Rbm20
Scn5a,Adrb1
Myrip,Vwa2
Cck,Afap1l2
Lyzl4,Ablim1
9530059O14Rik,Gfra1
Tmem158,Vax1
Ptchd1,Slc18a2
Nhs,Gm7102
,Bend7
,Phyh
,Optn
,Ccdc3
,Camk1d
,Dhtkd1
,Proser2
,Sfmbt2
,Prkcq
,Pfkfb3
,Il15ra
,C1ql3
,St8sia6
,Plxdc2
,Nebl
,A930004D18Rik
,Bmi1
,Carlr
,Pip4k2a
,Ptf1a
,Otud1
,Etl4
,Gpr158
,Gad2
,Apbb1ip
,Nxph2
,Psd4
,Cacna1b
,Tprn
,Grin1
,Uap1l1
,Entpd2
,Ajm1
,Kcnt1
,Nacc2
,Lhx3
,Agpat2
,Vav2
,Rxra
,Col5a1
,Ralgds
,Ak8
,Cfap77
,Ntng2
,1700001O22Rik
,Ptges
,Fnbp1
,Ncs1
,Ass1
,Prdm12
,Fibcd1
,Fam78a
,Dnm1
,Pip5kl1
,Stxbp1
,Slc2a8
,Garnl3
,Ralgps1
,Pbx3
,Fbxw2
,Rab14
,Gsn
,Stom
,Ggta1
,Ttll11
,Lhx6
,Lhx2
,Nr5a1
,Nr6a1
,Olfml2a
,Lrp1b
,Lypd6b
,Cacnb4
,Galnt13
,Kcnj3
,Acvr1c
,Cd302
,Ly75
,Pla2r1
,Rbms1
,Tbr1
,Dpp4
,Ifih1
,Fign
,Grb14
,Cobll1
,Galnt3
,Scn9a
,Lrp2
,Sp5
,Gad1os
,Cybrd1
,Dlx1
,Dlx2
,Rapgef4
,Sp9
,Gpr155
,Wipf1
,Chrna1os
,Hoxd13
,Hoxd9
,Hoxd8
,Haglr
,Nfe2l2
,Ttc30a2
,Pde11a
,Osbpl6
,Ccdc141
,Zfp385b
,Itga4
,Cerkl
,Neurod1
,Itprid2
,Frzb
,Zfp804a
,Ypel4
,Slc43a1
,Rtn4rl2
,Lrrc55
,Agbl2
,C1qtnf4
,Pacsin3
,Dgkz
,Creb3l1
,Slc35c1
,Chst1
,Syt13
,Alx4
,Mir129b
,Mir129-2
,Pamr1
,Slc1a2
,Cd44
,Abtb2
,A930018P22Rik
,Depdc7
,Prrg4
,Pax6
,Bdnf
,Lgr4
,Fibin
,Ryr3
,Fmn1
,Grem1
,Rasgrp1
,Gpr176
,Bmf
,Pak6
,Ankrd63
,Inafm2
,Bahd1
,Gchfr
,Spint1
,Rhov
,Dll4
,Chac1
,Itpka
,Ltk
,Tyro3
,Ehd4
,Pla2g4e
,Ckmt1
,Shf
,Gatm
,Sqor
,Sema6d
,Ctxn2
,Shc4
,Slc27a2
,Dusp2
,Adra2b
,Bub1
,Mertk
,Fbln7
,Ebf4
,Cpxm1
,Pced1a
,Slc4a11
,Gfra4
,Hspa12b
,Rnf24
,Adra1d
,Slc23a2
,Prokr2
,Lrrn4
,Fermt1
,Bmp2
,Pak5
,Snap25
,Jag1
,Ism1
,Macrod2
,Bfsp1
,Ovol2
,BC039771
,Insm1
,Nkx2-4
,Sstr4
,Syndig1
,Vsx1
,Snph
,Tmem74b
,Rspo4
,Scrt2
,Tcf15
,Trib3
,Id1
,Dusp15
,Xkr7
,Hck
,Tspyl3
,Nol4l
,Dnmt3b
,Snta1
,Pxmp4
,Trp53inp2
,Mmp24
,Epb41l1
,Myl9
,Vstm2l
,Gm14204
,Ppp1r16b
,Mafb
,Emilin3
,Ptprt
,Srsf6
,L3mbtl1
,Tox2
,Gdap1l1
,Rims4
,Slpi
,Sdc4
,Wfdc2
,Pltp
,Mmp9
,Slc12a5
,Cdh22
,Eya2
,Ncoa3
,Sulf2
,Kcnb1
,Ptgis
,Snai1
,Cebpb
,Kcng1
,Nfatc2
,Sall4
,Tshz2
,Cyp24a1
,Cbln4
,Tfap2c
,Bmp7
,Rbm38
,Ankrd60
,Edn3
,Phactr3
,Ppp1r3d
,Lsm14b
,Hrh3
,Gata5
,Gata5os
,Slco4a1
,Ntsr1
,Col9a3
,Bhlhe23
,Mir124a-3
,Ythdf1
,Kcnq2
,Eef1a2
,Fndc11
,Stmn3
,Zbtb46
,Sox18
,2700069I18Rik
,Il7
,Stmn2
,Tpd52
,Ralyl
,Car2
,Bhlhe22
,Crh
,Gyg
,Nlgn1
,Ghsr
,Pld1
,Eif5a2
,Egfem1
,Gpr160
,Cldn11
,Slc7a14
,Kcnmb2
,Gnb4
,Pex5l
,Mir7009
,Trpc3
,Spry1
,Gm5148
,Intu
,Larp1b
,Pcdh10
,Mgarp
,Foxo1
,Lhfpl6
,Frem2
,Trpc4
,Smad9
,Sertm1
,Ccna1
,Mab21l1
,P2ry1
,Gpr149
,Mir8120
,Ptx3
,Shox2
,Mlf1
,Lxn
,Rarres1
,1110032F04Rik
,Sptssb
,Slitrk3
,Gucy1a1
,Npy2r
,Rbm46
,Lrat
,Gm10710
,Tlr2
,Fhdc1
,Glt28d2
,Sh3d19
,Lrba
,Mab21l2
,Ntrk1
,Crabp2
,Bcan
,Bglap
,Lmna
,Hcn3
,Gba
,Efna1
,Efna3
,Efna4
,Gm15417
,Chrnb2
,Il6ra
,Slc27a3
,Npr1
,S100a1
,S100a6
,Lor
,Tchh
,S100a10
,C2cd4d
,Cgn
,Setdb1
,Gm4349
,Adamtsl4
,Sv2a
,Hjv
,Ankrd34a
,Ankrd35
,Nudt17
,Pde4dip
,Tent5c
,Igsf3
,Atp1a1
,Slc22a15
,Nhlh2
,Vangl1
,Ngf
,Dennd2c
,Syt6
,Slc16a1
,Tafa3
,Ppm1j
,Wnt2b
,Kcnd3
,Dennd2d
,Kcna2
,Kcnc4
,Slc6a17
,Alx3
,Gstm1
,Gstm4
,Sypl2
,Elapor1
,Vav3
,Ntng1
,Gpr88
,Slc35a3
,Plppr4
,Plppr5
,Mir137
,Dpyd
,F3
,Arhgap29
,Sec24d
,Prss12
,Ugt8a
,Camk2d
,Gm16958
,Ank2
,Neurog2
,Tifa
,Pitx2
,Mcub
,Lef1
,Sgms2
,Dkk2
,Npnt
,Tacr3
,Manba
,Slc39a8
,Ddit4l
,Tspan5
,Unc5c
,Pdlim5
,Gbp7
,Kyat3
,Lmo4
,Col24a1
,Ccn1
,Syde2
,Mcoln2
,Lpar3
,Samd13
,Ptgfr
,Gipc2
,Nexn
,Ak5
,St6galnac5
,Slc44a5
,Lhx8
,Erich3
,Negr1
,Ptger3
,Lrrc7
,Wls
,Lyn
,Mos
,Penk
,Car8
,Gdf6
,Esrp1
,Runx1t1
,Gm11837
,Necab1
,Ttpa
,Prdm13
,Pou3f2
,Ankrd6
,Rragd
,Cnr1
,Cfap206
,Lingo2
,Rigi
,Tmem215
,Aqp3
,Myorg
,Arid3c
,Phf24
,Unc13b
,Tpm2
,Npr2
,Reck
,Frmpd1
,Shb
,Igfbpl1
,Tmod1
,Xpa
,Foxe1
,Gm16731
,Coro2a
,Tbc1d2
,Gabbr2
,Anks6
,Galnt12
,Tgfbr1
,Nr4a3
,Plppr1
,Pgap4
,Grin3a
,Abca1
,Slc44a1
,Tal2
,Klf4
,Frrs1l
,Epb41l4b
,Ptpn3
,Pakap
,Svep1
,Susd1
,Ptbp3
,Bspry
,Zfp618
,Col27a1
,Whrn
,Pappa
,Astn2
,Brinp1
,Rasef
,Frmd3
,Ptprd
,Ttc39b
,Bnc2
,Sh3gl2
,Acer2
,Mllt3
,Gm13286
,Gm13283
,Gm13289
,Gm13285
,Gm13288
,Gm49890
,Cdkn2a
,Cdkn2b
,Elavl2
,L1td1
,Kank4
,Foxd3
,Ror1
,Raver2
,Jak1
,Ak4
,Dnajc6
,Lepr
,Pde4b
,Dab1
,Prkaa2
,Pcsk9
,Pars2
,Glis1
,Echdc2
,Zyg11a
,Shisal2a
,Rab3b
,Eps15
,Ttc39a
,Dmrta2
,Trabd2b
,Gm12830
,Foxe3
,Tal1
,Mob3c
,Dmbx1
,Faah
,Hpdl
,Ptch2
,Plk3
,Rnf220
,Artn
,Tmem125
,Hivep3
,Foxo6
,Cited4
,Kcnq4
,Bmp8b
,Oxct2b
,Hpcal4
,Nt5c1a
,Heyl
,Bmp8a
,Macf1
,Pou3f1
,Utp11
,Fhl3
,Maneal
,Epha10
,1700125G02Rik
,Rspo1
,Dnali1
,Zc3h12a
,Grik3
,Stk40
,Eva1b
,Trappc3
,5730409E04Rik
,Tfap2e
,Dlgap3
,Gja4
,Csmd2
,Phc2
,Trim62
,Azin2
,Hpca
,Fndc5
,Sync
,Zbtb8a
,Col16a1
,Hcrtr1
,Fabp3
,Sdc3
,Ptpru
,Epb41
,Oprd1
,Ahdc1
,Gpr3
,Map3k6
,Tent5b
,Trnp1
,Sfn
,Rps6ka1
,Zfp593
,Fam110d
,Paqr7
,Man1c1
,Ldlrap1
,Maco1
,Ncmap
,Nipal3
,Grhl3
,Ifnlr1
,Id3
,Asap3
,Tcea3
,Htr1d
,Epha8
,Wnt4
,Rap1gap
,Alpl
,Ece1
,Cda
,Camk2n1
,Htr6
,Nbl1
,Akr7a5
,Igsf21
,Rcc2
,Padi2
,Gm13031
,Arhgef19
,Epha2
,Fam131c
,Tmem82
,Fhad1
,Tmem51os1
,Kazn
,Lrrc38
,Dhrs3
,Draxin
,Fbxo44
,Disp3
,Casz1
,Clstn1
,Slc25a33
,Spsb1
,Gpr157
,Slc45a1
,1700045H11Rik
,Klhl21
,Espn
,Acot7
,Gpr153
,Icmt
,Chd5
,Ajap1
,A430005L14Rik
,Trp73
,Megf6
,Arhgef16
,Prdm16
,Prxl2b
,Prkcz
,Gabrd
,Mmp23
,Fndc10
,Vwa1
,Mxra8
,Cdk6
,Gm8773
,Cfap69
,Steap2
,Steap1
,Zfp804b
,Adam22
,Grm3
,Sema3d
,Sema3e
,Cacna2d1
,Sema3c
,Gnai1
,Magi2
,Fbxl13
,Reln
,Lhfpl3
,2700038G22Rik
,Kcnh2
,Gbx1
,Wdr86
,Prkag2
,Gm1979
,En2
,Lmbr1
,Mnx1
,Zfp513
,Fosl2
,Nat8l
,Mxd4
,Tnip2
,Dok7
,Adra2c
,Ablim2
,Afap1
,Sorcs2
,Ccdc96
,Mrfap1
,Man2b2
,Ppp2r2c
,Jakmip1
,Crmp1
,Stk32b
,Msx1
,Nsg1
,Drd5
,Nkx3-2
,Qdpr
,Fam184b
,Slit2
,Lgi2
,Sel1l3
,Nwd2
,0610040J01Rik
,Tbc1d1
,Klf3
,Nsun7
,Limch1
,Bend4
,Shisa3
,Kctd8
,Gnpda2
,Gabra4
,Zar1
,Slc10a4-ps
,Nipal1
,Tec
,Slc10a4
,Sgcb
,Spata18
,Rasl11b
,Chic2
,Gsx2
,Kit
,Kdr
,Thegl
,Igfbp7
,Adgrl3
,Slc4a4
,Adamts3
,Cxcl5
,Cxcl1
,Cxcl2
,Areg
,Btc
,Parm1
,Cdkl2
,Sowahb
,Prdm8
,A730035I17Rik
,Fgf5
,Bmp3
,Prkg2
,Tmem150c
,Hpse
,Gpat3
,Nkx6-1
,Cds1
,Aff1
,Hsd17b11
,Zfp326
,Barhl2
,Tgfbr3
,Ephx4
,Cplx1
,Crlf2
,Plcxd1
,P2rx2
,Fbrsl1
,Asphd2
,Sez6l
,Grk3
,Sgsm1
,Wscd2
,Svop
,Foxn4
,Fam222a
,Trpv4
,Gltp
,Cabp1
,Pop5
,Bicdl1
,Taok3
,Vsig10
,Ksr2
,Tesc
,Tbx3
,Slc8b1
,Rasal1
,Dtx1
,Trafd1
,Aldh2
,Sh2b3
,Pheta1
,Cux2
,Cfap251
,Hip1r
,Abcb9
,Ccdc92
,Tmem132b
,Tmem132c
,Fzd10os
,Rimbp2
,Stx2
,Mmp17
,Nupr1l
,Gusb
,Galnt17
,Stx1a
,Fzd9
,Hip1
,Srrm3
,Hspb1
,Rasa4
,Sh2b2
,Cux1
,Col26a1
,Ache
,Actl6b
,Zkscan1
,Fam20c
,Foxl3
,Pdgfa
,Adap1
,Micall2
,Elfn1
,Lfng
,Sdk1
,Radil
,Lmtk2
,Dmrt1i
,Nptx2
,Tmem130
,Arpc1b
,Gpr12
,Gsx1
,Flt3
,Flt1
,Slc46a3
,Mtus2
,Ubl3
,Fry
,N4bp2l1
,Kl
,Calcr
,Col1a2
,Dync1i1
,Dlx6
,Dlx5
,Tac1
,Asns
,Ica1
,Nxph1
,Thsd7a
,Foxp2
,Mdfic
,Tes
,Cav1
,Met
,Wnt2
,Cftr
,Tspan12
,Cped1
,Wnt16
,Cadps2
,Tmem229a
,Gpr37
,Grm8
,Zfp800
,Lrrc4
,Rbm28
,Prrt4
,Impdh1
,Flnc
,Kcp
,Irf5
,Strip2
,Smkr-ps
,Klf14
,Lncpint
,2210408F21Rik
,Podxl
,Plxna4
,Chrm2
,Dgki
,Creb3l2
,D630045J12Rik
,Zc3hav1
,Klrg2
,Clec2l
,Parp12
,Kdm7a
,Gstk1
,Arhgef5
,Cntnap2
,AI854703
,Npy
,Osbpl3
,4921507P07Rik
,Mir148a
,Nfe2l3
,Skap2
,Hotairm1
,Hoxa4
,Hoxa7
,Jazf1
,Creb5
,Tril
,Prr15
,9130019P16Rik
,Adcyap1r1
,Pde1c
,Nap1l5
,Gprin3
,Grid2
,Atoh1
,Qrfprl
,Ndnf
,Tacstd2
,Foxi3
,Reep1
,Atoh8
,Vamp5
,Vamp8
,Eva1a
,Tacr1
,Sema4f
,Dok1
,Pcgf1
,Rtkn
,Vax2
,Ankrd53
,Dysf
,Exoc6b
,Emx1
,Egr4
,Nat8f4
,Tgfa
,Gmcl1
,Anxa4
,Efcc1
,Gata2
,Eefsec
,Mgll
,Podxl2
,Plxna1
,Klf15
,Iqsec1
,Xpc
,Fgd5
,Prickle2
,Adamts9
,Lrig1
,Tafa4
,Eogt
,Frmd4b
,Mitf
,Eif4e3
,Gpr27
,Prok2
,Rybp
,Gxylt2
,Chl1
,Gm15631
,Grm7
,Oxtr
,Prrt3
,Atp2b2
,Slc6a11
,Slc6a1
,Hrh1
,Vgll4
,Gm17733
,Pparg
,Plxnd1
,Tmcc1
,Cxcl12
,Rasgef1a
,Ret
,Zfp9
,Lrtm2
,Wnt5b
,B4galnt3
,Il17ra
,Tmem121b
,Hdhd5
,Bid
,Mical3
,Tuba8
,Iqsec3
,Slc2a3
,Eno2
,Pianp
,Ltbr
,Tnfrsf1a
,Ntf3
,Kcna1
,Kcna6
,Ccnd2
,Prmt8
,Tead4
,Mansc1
,Apold1
,Gprc5a
,Grin2b
,Rerg
,Ptpro
,Pde3a
,Kcnj8
,St8sia1
,Sox5
,Bcat1
,Gm15706
,Bhlhe41
,Itpr2
,Bmal2
,Mrps35
,Pthlh
,Ccdc91
,Tmtc1
,Prkcg
,Mir935
,Leng9
,Dnaaf3
,Tmem238
,Shisa7
,Zfp579
,Zfp580
,Nlrp5-ps
,Bbc3
,Npas1
,Pnma8b
,Hif3a
,Mypop
,Eml2
,Gpr4
,Fosb
,Klc3
,A930016O22Rik
,Zfp296
,Apoe
,Bcam
,Zfp180
,Zfp575
,Phldb3
,Lypd3
,Erfl
,Atp1a3
,Pou2f2
,Tmem145
,Dmac2
,Tmem91
,Tgfb1
,Cyp2s1
,Ltbp4
,Shkbp1
,Sptbn4
,Sertad1
,Zfp850
,Dll3
,Fbxo27
,Ryr1
,Fam98c
,Spred3
,Kcnk6
,Spint2
,Ppp1r14a
,Nfkbid
,Scn1b
,Chst8
,Cebpa
,Slc7a10
,Rhpn2
,Rgs9bp
,Tshz3
,Zfp536
,Plekhf1
,Vstm2b
,Vsig10l
,Zfp819
,Shank1
,Kcnc3
,Rras
,Flt3l
,Slc17a7
,Slc6a16
,Lin7b
,Ntf5
,Rasip1
,Car11
,Odad1
,Kcnj11
,Abcc8
,Kcnc1
,Ptpn5
,Dbx1
,Htatip2
,Nell1
,Ano5
,Slc17a6
,Luzp2
,Gabrg3
,Gabra5
,Magel2
,Mkrn3
,Otud7a
,Entrep2
,Tjp1
,Pcsk6
,Chsy1
,Lrrk1
,Aldh1a3
,Adamts17
,4833412C05Rik
,Mctp2
,Fam174b
,St8sia2
,Slco3a1
,Gm26633
,Rhcg
,Mesp1
,Nmb
,Pde8a
,Cpeb1
,Homer2
,Tm6sf1
,Bnc1
,Sh3gl3
,Adamtsl3
,Cemip
,Ctxnd1
,Fah
,Grm5
,Rab38
,Fzd4
,Sytl2
,Ccdc89
,Aqp11
,Pak1
,Lrrc32
,Wnt11
,Dgat2
,Map6
,Gdpd5
,Klhl35
,Tpbgl
,Chrdl2
,Kcne3
,P4ha3
,Ucp2
,Arhgef17
,P2ry6
,P2ry2
,Atg16l2
,Arap1
,Phox2a
,Stim1
,Cckbr
,Syt9
,Ppfibp2
,Tub
,Ric3
,Lmo1
,Nrip3
,Scube2
,Sbf2
,Adm
,Ampd3
,Galnt18
,Dkk3
,Mical2
,Rassf10
,Bmal1
,Spon1
,Calca
,Sox6
,Syt17
,Itpripl2
,Gprc5b
,Gpr139
,Ldaf1
,Cdr2
,Hs3st2
,Usp31
,Scnn1g
,Prkcb
,Hs3st4
,Il4ra
,Gsg1l
,Coro1a
,Doc2a
,Asphd1
,Zfp764
,Zfp688
,Orai3
,Rgs10
,Bag3
,Plpp4
,Htra1
,Hmx3
,Cpxm2
,Nkx1-2
,Ctbp2
,Foxi2
,Ptpre
,Ebf3
,Tcerg1l
,Jakmip3
,Dpysl4
,Pwwp2b
,Nkx6-2
,Adgra1
,Kndc1
,Utf1
,Msx3
,Caly
,Nlrp6
,Sct
,Drd4
,Tspan4
,Dusp8
,H19
,Ascl2
,Cdkn1c
,Phlda2
,Tnfrsf22
,Tnfrsf23
,Ppfia1
,Fadd
,Fgf3
,Fgf15
,Ccnd1
,Stxbp2
,Nalf1
,Tnfsf13b
,Myo16
,Irs2
,E230013L22Rik
,Arhgef7
,Sox1ot
,Grtp1
,Gas6
,Rasa3
,Tdrp
,Dlgap2
,Csmd1
,Atp7b
,Thsd1
,Ank1
,Htra4
,Tacc1
,Adgra2
,Rab11fip1
,Eif4ebp1
,Unc5d
,Dusp26
,Nrg1
,Tex15
,Rbpms
,Dusp4
,Ppp1r3b
,Gm16793
,Gm19410
,Cldn23
,Sgcz
,Slc7a2
,Pdgfrl
,Mtus1
,Fam149a
,Pdlim3
,Stox2
,Wwc2
,Tenm3
,Hpgd
,Hand2
,Galntl6
,Mfap3l
,Spock3
,Tll1
,Npy5r
,Npy1r
,Sh2d4a
,Csgalnact1
,Lpl
,Lzts1
,Hapln4
,Slc25a42
,Comp
,Klhl26
,Tmem59l
,Isyna1
,Ssbp4
,Gdf15
,Mir7240
,Mast3
,Arrdc2
,Kcnn1
,Map1s
,Nr2f6
,Tmem221
,Unc13a
,Jak3
,Klf2
,Rasd2
,0610038B21Rik
,Tmem184c
,Ednra
,Pou4f2
,Rbmxl1
,Hhip
,Inpp4b
,Il15
,Rnf150
,Elmod2
,Clgn
,Adgre5
,1700067K01Rik
,Mir1199
,Nfix
,Farsa
,Syce2
,Gm38426
,Mast1
,Rtbdn
,Junb
,Hook2
,Cbln1
,Zfp423
,Adcy7
,Brd7
,Nkd1
,Nod2
,Sall1
,Irx3
,Crnde
,Irx5
,Irx6
,Lpcat2
,Mt2
,Mt1
,Nlrc5
,Cpne2
,Pllp
,Cx3cl1
,Dok4
,Ccdc102a
,Mmp15
,Ccdc113
,Ndrg4
,Cdh8
,Cdh11
,Bean1
,Cmtm4
,Terb1
,Rrad
,B3gnt9
,Hsf4
,Nol3
,Zdhhc1
,Hsd11b2
,Slc12a4
,1810019D21Rik
,Smpd3
,Cdh3
,Cdh1
,Has3
,Sntb2
,Marveld3
,Vac14
,Mlkl
,Fa2h
,Chst5
,Adamts18
,Vat1l
,Maf
,Cdyl2
,Plcg2
,Cdh13
,Necab2
,Klhl36
,Crispld2
,Irf8
,Foxc2
,Snai3
,Piezo1
,Cpne7
,Spata2l
,Spire2
,Fam89a
,Trim67
,Disc1
,Map10
,Map3k21
,Kcnk1
,Slc35f3
,Tarbp1
,Pdgfd
,Tmem123
,Trpc6
,Pgr
,Cntn5
,Endod1
,Fut4
,Gpr83
,Vstm5
,Olfm2
,S1pr2
,Icam1
,Pde4a
,Keap1
,Epor
,Rgl3
,Bmper
,Dpy19l2
,Eepd1
,B3gat1
,Igsf9b
,Opcml
,Ntm
,Adamts15
,Adamts8
,St14
,Barx2
,Fli1
,Kirrel3
,Slc37a2
,Robo3
,Esam
,Nrgn
,Scn3b
,Gramd1b
,Clmp
,Jhy
,Grik4
,Tlcd5
,Oaf
,Thy1
,Phldb1
,Tmem25
,Scn4b
,Il10ra
,4833428L15Rik
,Apoa1
,Nxpe4
,Zbtb16
,Drd2
,Ncam1
,Layn
,Mir34b
,Pou2af3
,Arhgap20
,AI593442
,Exph5
,Slc35f2
,Elmod1
,Tnfaip8l3
,Gldn
,Dmxl2
,Dnaja4
,Crabp1
,Chrna5
,Chrna3
,Ube2q2
,Tmem266
,Etfa
,Isl2
,Lingo1
,Rpp25
,Sema7a
,Loxl1
,Insyn1
,Hcn4
,Gramd2a
,Larp6
,Uaca
,Paqr5
,Itga11
,Skor1
,Smad3
,Smad6
,Megf11
,Kbtbd13
,Rasl12
,Rbpms2
,Snx22
,Dapk2
,Car12
,Aph1c
,Tpm1
,C2cd4a
,Anxa2
,Fam81a
,Myo1e
,Aldh1a2
,Myzap
,Cgnl1
,Prtg
,Rab27a
,Khdc3
,Gm16551
,Onecut1
,Myo5c
,Hmgcll1
,Hcrtr2
,Fam83b
,Ddx43
,Cgas
,Cd109
,Col12a1
,Htr1b
,Sh3bgrl2
,Tent5a
,Tpbg
,Snap91
,Ripply2
,Mrap2
,Tbx18
,Nt5e
,Minar1
,Rasgrf1
,Ctsh
,Zic4
,Zic1
,Chst2
,Paqr9
,Pcolce2
,Trpc1
,Pls1
,Gk5
,Clstn2
,Foxl2
,Esyt3
,Slc35g2
,Ephb1
,Ky
,Tmem108
,Glyctk
,Rrp9
,Grm2
,Dock3
,Mapkapk3
,6430571L13Rik
,Cacna2d2
,Rassf1
,Slc38a3
,Gnat1
,Sema3f
,Rbm6
,Camkv
,Inka1
,Celsr3
,Cspg5
,Kif9
,Nbeal2
,Myl3
,Tmie
,Trank1
,Dclk3
,Stac
,Susd5
,Trim71
,Cmtm7
,Cmtm8
,Osbpl10
,Tgfbr2
,Eomes
,Itga9
,Plcd1
,Acaa1b
,Acaa1a
,Scn5a
,Myrip
,Eif1b
,Entpd3
,Trak1
,Vipr1
,Pomgnt2
,Abhd5
,9530059O14Rik
,Tcaim
,Tmem158
,Slc6a20a
,Dgkk
,Pim2
,Chst7
,Lonrf3
,Sowahd
,Gria3
,Tenm1
,Dcaf12l1
,Smarca1
,Apln
,Stk26
,Mbnl3
,Hs6st2
,Gpc3
,Mir106a
,AW822252
,Zic3
,Mcf2
,Aff2
,Gpr50
,Gabrq
,Zfp185
,F8a
,Klhl15
,Amer1
,Ar
,Kif4
,Dlg3
,Slc7a3
,Nhsl2
,Cited1
,Phka1
,Chic1
,Nexmif
,Magee2
,Magee1
,Fgf16
,Fndc3c1
,Apool
,Sytl4
,Nrk
,Morc4
,Nup62cl
,Tsc22d3
,Mid2
,Irs4
,Ammecr1
,Chrdl1
,Alg13
,Rtl4
,Htr2c
,Smc1a
,Iqsec2
,Ptchd1
,Cnksr2
,Sh3kbp1
,Rnf138rt1
,Tmsb4x
,Arhgap6
